{"cameraMode":{"drawMode":0,"name":"Shaded","section":"Shading Mode"},"sceneLighting":true,"audioPlay":false,"sceneViewState":{"m_AlwaysRefresh":false,"showFog":true,"showSkybox":true,"showFlares":true,"showImageEffects":true,"showParticleSystems":true,"showVisualEffectGraphs":true,"m_FxEnabled":true},"in2DMode":false,"pivot":{"x":-13.627861022949219,"y":-7.090975761413574,"z":13.96687126159668},"rotation":{"x":0.19715875387191773,"y":-0.37144532799720766,"z":0.08101130276918411,"w":0.9036166667938232},"size":19.348352432250978,"orthographic":false}