{"cameraMode":{"drawMode":0,"name":"Shaded","section":"Shading Mode"},"sceneLighting":true,"audioPlay":false,"sceneViewState":{"m_AlwaysRefresh":false,"showFog":true,"showSkybox":true,"showFlares":true,"showImageEffects":true,"showParticleSystems":true,"showVisualEffectGraphs":true,"m_FxEnabled":true},"in2DMode":false,"pivot":{"x":286.56610107421877,"y":379.5389709472656,"z":0.9701482653617859},"rotation":{"x":0.03177950531244278,"y":-0.03897140920162201,"z":0.001203566906042397,"w":0.9986923933029175},"size":553.0133056640625,"orthographic":false}